LapNumber,LapTime_seconds,Delta,Year,Circuit,Compound,Session,FreshTyre,Stint,TyreLife,Driver,Team,AirTemp,Humidity,Rainfall,TrackTemp
5.0,141.772,0.0,2025,Australian,INTERMEDIATE,R,False,4.0,5.0,HAM,Ferrari,15.8,76.0,True,19.0
6.0,140.418,-1.353999999999985,2025,Australian,INTERMEDIATE,R,False,4.0,6.0,HAM,Ferrari,15.8,76.0,False,19.0
7.0,127.498,-12.920000000000002,2025,Australian,INTERMEDIATE,R,False,4.0,7.0,HAM,Ferrari,15.8,75.0,False,19.0
8.0,98.311,-29.186999999999998,2025,Australian,INTERMEDIATE,R,False,4.0,8.0,HAM,Ferrari,15.9,75.0,False,19.1
9.0,96.242,-2.0690000000000026,2025,Australian,INTERMEDIATE,R,False,4.0,9.0,HAM,Ferrari,15.9,76.0,False,19.1
10.0,95.107,-1.1350000000000051,2025,Australian,INTERMEDIATE,R,False,4.0,10.0,HAM,Ferrari,15.9,74.0,False,19.1
11.0,94.299,-0.8079999999999927,2025,Australian,INTERMEDIATE,R,False,4.0,11.0,HAM,Ferrari,15.9,76.0,False,19.1
12.0,93.255,-1.0440000000000111,2025,Australian,INTERMEDIATE,R,False,4.0,12.0,HAM,Ferrari,16.0,74.0,False,19.1
13.0,93.017,-0.23799999999999955,2025,Australian,INTERMEDIATE,R,False,4.0,13.0,HAM,Ferrari,16.0,75.0,False,19.3
14.0,92.992,-0.024999999999991473,2025,Australian,INTERMEDIATE,R,False,4.0,14.0,HAM,Ferrari,16.0,75.0,False,19.3
15.0,92.763,-0.2289999999999992,2025,Australian,INTERMEDIATE,R,False,4.0,15.0,HAM,Ferrari,16.0,75.0,True,19.3
16.0,92.749,-0.014000000000010004,2025,Australian,INTERMEDIATE,R,False,4.0,16.0,HAM,Ferrari,16.0,75.0,False,19.3
17.0,92.83,0.08100000000000307,2025,Australian,INTERMEDIATE,R,False,4.0,17.0,HAM,Ferrari,16.0,74.0,True,19.3
18.0,92.877,0.046999999999997044,2025,Australian,INTERMEDIATE,R,False,4.0,18.0,HAM,Ferrari,16.1,74.0,True,19.4
19.0,92.914,0.03700000000000614,2025,Australian,INTERMEDIATE,R,False,4.0,19.0,HAM,Ferrari,16.0,74.0,True,19.4
20.0,92.341,-0.5730000000000075,2025,Australian,INTERMEDIATE,R,False,4.0,20.0,HAM,Ferrari,16.1,75.0,True,19.4
21.0,92.079,-0.26200000000000045,2025,Australian,INTERMEDIATE,R,False,4.0,21.0,HAM,Ferrari,16.0,74.0,True,19.4
22.0,92.041,-0.0379999999999967,2025,Australian,INTERMEDIATE,R,False,4.0,22.0,HAM,Ferrari,16.0,75.0,True,19.4
23.0,91.771,-0.269999999999996,2025,Australian,INTERMEDIATE,R,False,4.0,23.0,HAM,Ferrari,15.9,75.0,True,19.2
24.0,91.852,0.08100000000000307,2025,Australian,INTERMEDIATE,R,False,4.0,24.0,HAM,Ferrari,15.9,76.0,True,19.2
25.0,90.86,-0.9920000000000044,2025,Australian,INTERMEDIATE,R,False,4.0,25.0,HAM,Ferrari,15.8,77.0,False,19.2
26.0,91.302,0.4420000000000073,2025,Australian,INTERMEDIATE,R,False,4.0,26.0,HAM,Ferrari,15.7,76.0,False,19.2
27.0,90.755,-0.5470000000000113,2025,Australian,INTERMEDIATE,R,False,4.0,27.0,HAM,Ferrari,15.7,78.0,True,19.2
28.0,90.143,-0.6119999999999948,2025,Australian,INTERMEDIATE,R,False,4.0,28.0,HAM,Ferrari,15.7,77.0,False,19.1
29.0,90.127,-0.016000000000005343,2025,Australian,INTERMEDIATE,R,False,4.0,29.0,HAM,Ferrari,15.7,77.0,False,19.1
30.0,89.737,-0.39000000000000057,2025,Australian,INTERMEDIATE,R,False,4.0,30.0,HAM,Ferrari,15.7,77.0,False,19.1
31.0,90.422,0.6850000000000023,2025,Australian,INTERMEDIATE,R,False,4.0,31.0,HAM,Ferrari,15.7,77.0,False,19.1
32.0,90.234,-0.1880000000000024,2025,Australian,INTERMEDIATE,R,False,4.0,32.0,HAM,Ferrari,15.8,77.0,False,19.1
33.0,110.479,20.245000000000005,2025,Australian,INTERMEDIATE,R,False,4.0,33.0,HAM,Ferrari,15.8,71.0,False,19.1
34.0,146.885,0.0,2025,Australian,HARD,R,False,5.0,2.0,HAM,Ferrari,15.9,71.0,False,19.0
35.0,103.401,-43.483999999999995,2025,Australian,HARD,R,False,5.0,3.0,HAM,Ferrari,16.1,71.0,False,19.0
36.0,102.431,-0.9699999999999989,2025,Australian,HARD,R,False,5.0,4.0,HAM,Ferrari,16.1,72.0,False,19.0
37.0,128.079,25.64800000000001,2025,Australian,HARD,R,False,5.0,5.0,HAM,Ferrari,16.1,71.0,False,19.2
38.0,138.415,10.335999999999984,2025,Australian,HARD,R,False,5.0,6.0,HAM,Ferrari,16.2,71.0,False,19.2
39.0,132.085,-6.329999999999984,2025,Australian,HARD,R,False,5.0,7.0,HAM,Ferrari,16.3,69.0,False,19.2
40.0,131.407,-0.6779999999999973,2025,Australian,HARD,R,False,5.0,8.0,HAM,Ferrari,16.3,70.0,False,19.2
41.0,126.607,-4.800000000000011,2025,Australian,HARD,R,False,5.0,9.0,HAM,Ferrari,16.4,68.0,False,19.2
42.0,87.508,-39.099000000000004,2025,Australian,HARD,R,False,5.0,10.0,HAM,Ferrari,16.5,70.0,False,19.3
43.0,84.218,-3.289999999999992,2025,Australian,HARD,R,False,5.0,11.0,HAM,Ferrari,16.5,69.0,False,19.3
44.0,89.454,5.23599999999999,2025,Australian,HARD,R,False,5.0,12.0,HAM,Ferrari,16.6,71.0,False,19.3
45.0,93.045,3.591000000000008,2025,Australian,HARD,R,False,5.0,13.0,HAM,Ferrari,16.6,75.0,False,19.3
46.0,96.714,3.668999999999997,2025,Australian,HARD,R,False,5.0,14.0,HAM,Ferrari,16.1,77.0,True,19.3
48.0,119.219,0.0,2025,Australian,INTERMEDIATE,R,True,6.0,1.0,HAM,Ferrari,15.3,80.0,True,19.3
49.0,144.575,25.355999999999995,2025,Australian,INTERMEDIATE,R,True,6.0,2.0,HAM,Ferrari,15.1,81.0,True,18.8
50.0,137.095,-7.47999999999999,2025,Australian,INTERMEDIATE,R,True,6.0,3.0,HAM,Ferrari,15.1,82.0,False,18.8
51.0,131.311,-5.783999999999992,2025,Australian,INTERMEDIATE,R,True,6.0,4.0,HAM,Ferrari,15.1,83.0,False,18.8
52.0,97.051,-34.260000000000005,2025,Australian,INTERMEDIATE,R,True,6.0,5.0,HAM,Ferrari,15.1,80.0,False,18.8
53.0,93.039,-4.0120000000000005,2025,Australian,INTERMEDIATE,R,True,6.0,6.0,HAM,Ferrari,15.1,78.0,False,18.7
54.0,91.265,-1.774000000000001,2025,Australian,INTERMEDIATE,R,True,6.0,7.0,HAM,Ferrari,15.4,77.0,False,18.7
55.0,89.874,-1.3910000000000053,2025,Australian,INTERMEDIATE,R,True,6.0,8.0,HAM,Ferrari,15.6,75.0,False,18.7
56.0,90.095,0.22100000000000364,2025,Australian,INTERMEDIATE,R,True,6.0,9.0,HAM,Ferrari,15.9,74.0,False,18.7
57.0,92.418,2.3230000000000075,2025,Australian,INTERMEDIATE,R,True,6.0,10.0,HAM,Ferrari,16.0,71.0,False,18.7
5.0,142.597,0.0,2025,Australian,INTERMEDIATE,R,False,4.0,5.0,LEC,Ferrari,15.8,76.0,True,19.0
6.0,138.85,-3.747000000000014,2025,Australian,INTERMEDIATE,R,False,4.0,6.0,LEC,Ferrari,15.8,76.0,False,19.0
7.0,133.209,-5.640999999999991,2025,Australian,INTERMEDIATE,R,False,4.0,7.0,LEC,Ferrari,15.8,75.0,False,19.0
8.0,98.19,-35.019000000000005,2025,Australian,INTERMEDIATE,R,False,4.0,8.0,LEC,Ferrari,15.9,75.0,False,19.1
9.0,94.933,-3.256999999999991,2025,Australian,INTERMEDIATE,R,False,4.0,9.0,LEC,Ferrari,15.9,76.0,False,19.1
10.0,93.539,-1.3940000000000055,2025,Australian,INTERMEDIATE,R,False,4.0,10.0,LEC,Ferrari,15.9,74.0,False,19.1
11.0,94.251,0.7120000000000033,2025,Australian,INTERMEDIATE,R,False,4.0,11.0,LEC,Ferrari,15.9,76.0,False,19.1
12.0,93.536,-0.7150000000000034,2025,Australian,INTERMEDIATE,R,False,4.0,12.0,LEC,Ferrari,16.0,74.0,False,19.1
13.0,92.198,-1.338000000000008,2025,Australian,INTERMEDIATE,R,False,4.0,13.0,LEC,Ferrari,16.0,75.0,False,19.3
14.0,92.448,0.25,2025,Australian,INTERMEDIATE,R,False,4.0,14.0,LEC,Ferrari,16.0,75.0,False,19.3
15.0,91.846,-0.6019999999999897,2025,Australian,INTERMEDIATE,R,False,4.0,15.0,LEC,Ferrari,16.0,74.0,True,19.3
16.0,91.832,-0.014000000000010004,2025,Australian,INTERMEDIATE,R,False,4.0,16.0,LEC,Ferrari,16.0,75.0,False,19.3
17.0,92.502,0.6700000000000017,2025,Australian,INTERMEDIATE,R,False,4.0,17.0,LEC,Ferrari,16.0,74.0,True,19.3
18.0,92.614,0.11200000000000898,2025,Australian,INTERMEDIATE,R,False,4.0,18.0,LEC,Ferrari,16.1,74.0,True,19.4
19.0,91.861,-0.7530000000000001,2025,Australian,INTERMEDIATE,R,False,4.0,19.0,LEC,Ferrari,16.0,74.0,True,19.4
20.0,91.756,-0.10500000000000398,2025,Australian,INTERMEDIATE,R,False,4.0,20.0,LEC,Ferrari,16.1,75.0,True,19.4
21.0,91.159,-0.5969999999999942,2025,Australian,INTERMEDIATE,R,False,4.0,21.0,LEC,Ferrari,16.0,74.0,True,19.4
22.0,90.695,-0.46400000000001285,2025,Australian,INTERMEDIATE,R,False,4.0,22.0,LEC,Ferrari,16.0,75.0,True,19.4
23.0,91.551,0.8560000000000088,2025,Australian,INTERMEDIATE,R,False,4.0,23.0,LEC,Ferrari,15.9,75.0,True,19.2
24.0,90.732,-0.8190000000000026,2025,Australian,INTERMEDIATE,R,False,4.0,24.0,LEC,Ferrari,15.9,76.0,True,19.2
25.0,90.251,-0.48099999999999454,2025,Australian,INTERMEDIATE,R,False,4.0,25.0,LEC,Ferrari,15.8,77.0,False,19.2
26.0,90.34,0.08899999999999864,2025,Australian,INTERMEDIATE,R,False,4.0,26.0,LEC,Ferrari,15.7,75.0,False,19.2
27.0,90.563,0.22299999999999898,2025,Australian,INTERMEDIATE,R,False,4.0,27.0,LEC,Ferrari,15.7,78.0,True,19.2
28.0,89.723,-0.8400000000000034,2025,Australian,INTERMEDIATE,R,False,4.0,28.0,LEC,Ferrari,15.8,77.0,False,19.2
29.0,89.492,-0.23099999999999454,2025,Australian,INTERMEDIATE,R,False,4.0,29.0,LEC,Ferrari,15.7,77.0,False,19.1
30.0,89.367,-0.125,2025,Australian,INTERMEDIATE,R,False,4.0,30.0,LEC,Ferrari,15.7,78.0,False,19.1
31.0,89.546,0.17900000000000205,2025,Australian,INTERMEDIATE,R,False,4.0,31.0,LEC,Ferrari,15.7,77.0,False,19.1
32.0,89.337,-0.20900000000000318,2025,Australian,INTERMEDIATE,R,False,4.0,32.0,LEC,Ferrari,15.8,77.0,False,19.1
33.0,93.966,4.628999999999991,2025,Australian,INTERMEDIATE,R,False,4.0,33.0,LEC,Ferrari,15.8,71.0,False,19.1
34.0,133.905,39.93900000000001,2025,Australian,INTERMEDIATE,R,False,4.0,34.0,LEC,Ferrari,15.9,71.0,False,19.0
35.0,126.872,0.0,2025,Australian,HARD,R,False,5.0,2.0,LEC,Ferrari,16.1,71.0,False,19.0
36.0,102.406,-24.465999999999994,2025,Australian,HARD,R,False,5.0,3.0,LEC,Ferrari,16.1,72.0,False,19.0
37.0,148.223,45.81700000000001,2025,Australian,HARD,R,False,5.0,4.0,LEC,Ferrari,16.1,71.0,False,19.0
38.0,139.475,-8.748000000000019,2025,Australian,HARD,R,False,5.0,5.0,LEC,Ferrari,16.2,71.0,False,19.2
39.0,131.723,-7.751999999999981,2025,Australian,HARD,R,False,5.0,6.0,LEC,Ferrari,16.3,69.0,False,19.2
40.0,131.985,0.26200000000000045,2025,Australian,HARD,R,False,5.0,7.0,LEC,Ferrari,16.3,70.0,False,19.2
41.0,128.829,-3.156000000000006,2025,Australian,HARD,R,False,5.0,8.0,LEC,Ferrari,16.4,68.0,False,19.2
42.0,86.831,-41.998000000000005,2025,Australian,HARD,R,False,5.0,9.0,LEC,Ferrari,16.5,70.0,False,19.3
43.0,85.271,-1.5600000000000023,2025,Australian,HARD,R,False,5.0,10.0,LEC,Ferrari,16.5,69.0,False,19.3
44.0,96.363,11.091999999999999,2025,Australian,HARD,R,False,5.0,11.0,LEC,Ferrari,16.6,71.0,False,19.3
45.0,91.269,-5.093999999999994,2025,Australian,HARD,R,False,5.0,12.0,LEC,Ferrari,16.6,75.0,False,19.3
46.0,96.429,5.159999999999997,2025,Australian,HARD,R,False,5.0,13.0,LEC,Ferrari,16.1,77.0,True,19.3
48.0,116.044,0.0,2025,Australian,INTERMEDIATE,R,True,6.0,1.0,LEC,Ferrari,15.3,80.0,True,19.3
49.0,142.777,26.73299999999999,2025,Australian,INTERMEDIATE,R,True,6.0,2.0,LEC,Ferrari,15.1,81.0,True,18.8
50.0,139.782,-2.994999999999976,2025,Australian,INTERMEDIATE,R,True,6.0,3.0,LEC,Ferrari,15.1,82.0,False,18.8
51.0,127.996,-11.786000000000016,2025,Australian,INTERMEDIATE,R,True,6.0,4.0,LEC,Ferrari,15.1,83.0,False,18.8
52.0,96.38,-31.616,2025,Australian,INTERMEDIATE,R,True,6.0,5.0,LEC,Ferrari,15.1,80.0,False,18.8
53.0,92.731,-3.649000000000001,2025,Australian,INTERMEDIATE,R,True,6.0,6.0,LEC,Ferrari,15.1,78.0,False,18.7
54.0,91.082,-1.649000000000001,2025,Australian,INTERMEDIATE,R,True,6.0,7.0,LEC,Ferrari,15.4,77.0,False,18.7
55.0,89.975,-1.1069999999999993,2025,Australian,INTERMEDIATE,R,True,6.0,8.0,LEC,Ferrari,15.6,75.0,False,18.7
56.0,89.801,-0.17399999999999238,2025,Australian,INTERMEDIATE,R,True,6.0,9.0,LEC,Ferrari,15.9,74.0,False,18.7
57.0,90.964,1.1629999999999967,2025,Australian,INTERMEDIATE,R,True,6.0,10.0,LEC,Ferrari,16.0,71.0,False,18.7
